Category,Debt Amount,Credit Amount,Credit percentage,Debt percentage
ATM,90000.0,0.0,0.0,38.16108676669338
Entertainment,1418.11,0.0,0.0,0.6012957639412839
Interest,0.0,4049.8,0.8026434236077611,0.0
Medical,4805.5,0.0,0.0,2.0375900273038337
Rent,34000.0,0.0,0.0,14.416410556306388
Restaurant,1066.0,0.0,0.0,0.4519968721477238
Salary,0.0,500508.0,99.19735657639224,0.0
Shopping,101915.23,0.0,0.0,43.21328816530569
Travel,2637.5,0.0,0.0,1.1183318483017088
