Day,Debt Amount,Credit Amount,Credit percentage,Debt percentage
Friday,7960.530000000001,500530.5,99.20181592673822,3.375360844876285
Monday,23817.489999999998,62.91,0.012468343567377214,10.098903360609464
Saturday,100769.54,0.0,0.0,42.72750177088643
Sunday,18721.63,1673.0,0.3315774723926575,7.938197187154775
Thursday,42225.47,22.12,0.004384036873476141,17.904109160382315
Tuesday,5143.03,19.27,0.0038191858296512315,2.1807068230411892
Wednesday,37204.65,2250.0,0.44593503459861283,15.775220853049543
